{

    "13-3-6": [{

        "ref": "13-3-6",

        "name": "13-3-6  District Monitoring",

        "type": "pdf"

    }],

    "13-5-P ": [{

        "ref": "13-5-P ",

        "name": "13-5-P  Template for the implementation of the amended education district policy",

        "type": "xlsx"

    }],

    "14-4": [{

        "ref": "14-4",

        "name": "14-4  ATTENDANCE REGISTER",

        "type": "docx"

    }],
    "14-1-1": [{

            "ref": "14-1-1",

            "name": "agenda",

            "type": "docx"
        },
        {

            "ref": "14-1-1",

            "name": "attendance",

            "type": "docx"
        },
        {

            "ref": "14-1-1",

            "name": "minutes",

            "type": "docx"
        }
    ],

    "2-3-4": [{

        "ref": "2-3-4",

        "name": "2-6-4  SSA - Vetting Request Template",

        "type": "docx"

    }],

    "2-3-5": [{

        "ref": "2-3-5",

        "name": "2-6-5  Site inspection Template",

        "type": "docx"

    }],

    "2-3-6": [{

            "ref": "2-3-6",

            "name": "2-3-6  School level monitoring tool",

            "type": "pdf"

        },

        {

            "ref": "2-3-6",

            "name": "2-3-6  School monitoring tool",

            "type": "pdf"

        },

        {

            "ref": "2-3-6",

            "name": "2-3-6  TERM 03 SCHOOL REOPENING MONITORING   TOOL  FOR 2019",

            "type": "docx"

        }

    ],

    "3-5-3-1": [{

        "ref": "3-5-3-1",

        "name": "leave",

        "type": "docx"

    }],

    "3-3-13": [{

        "ref": "3-3-13",

        "name": "3-3-13  Financial disclosure form",

        "type": "pdf"

    }],

    "3-4-4 ": [{

        "ref": "3-4-4 ",

        "name": "3-4-4  Choice Form for Spouses Pension",

        "type": "pdf"

    }],

    "3-8-7-3": [{

        "ref": "3-8-7-3",

        "name": "3-8-7-3  STRIKE REGISTERS",

        "type": "docx"

    }],

    "4-3-2": [{

            "ref": "4-3-2",

            "name": "4-3-2  Housing application form",

            "type": "pdf"

        },

        {

            "ref": "4-3-2",

            "name": "4-3-2  sundry and order payments form",

            "type": "docx"

        },

        {

            "ref": "4-3-2",

            "name": "4-3-2  Sundry nd other payments checklists",

            "type": "docx"

        }

    ],

    "4-3-2 ": [{

            "ref": "4-3-2 ",

            "name": "4-3-2  Housing appliction form for  tenants",

            "type": "pdf"

        },

        {

            "ref": "4-3-2 ",

            "name": "4-3-2  SUNDRY PAYMENT ADVICE",

            "type": "xlsx"

        },

        {

            "ref": "4-3-2 ",

            "name": "4-3-2  TEMPLATE LINE ATTACHMENT",

            "type": "xlsx"

        }

    ],

    "4-3-2-2": [{

        "ref": "4-3-2-2",

        "name": "4-3-2-2  Claim Form S&T",

        "type": "xlsx"

    }],

    "4-3-2-2  ": [{

        "ref": "4-3-2-2  ",

        "name": "4-3-2-2  Claim Form Fuel",

        "type": "xlsx"

    }],

    "4-3-2-3": [{

        "ref": "4-3-2-3",

        "name": "4-3-2-7  Homeowners allowance application form",

        "type": "pdf"

    }],

    "4-3-R": [{

        "ref": "4-3-R",

        "name": "4-3-R  GENERAL JOURNALS",

        "type": "xlsx"

    }],

    "5-1-1": [{

            "ref": "5-1-1",

            "name": "commitmentRegisterForm",

            "type": "docx"

        },
        {

            "ref": "5-1-1",

            "name": "commitmentRegister",

            "type": "docx"

        },
        {

            "ref": "5-1-1",

            "name": "complianceChecklistUpTo500",

            "type": "docx"

        },
        {

            "ref": "5-1-1",

            "name": "contractRegister",

            "type": "docx"

        },
        {

            "ref": "5-1-1",

            "name": "evaluationReport",

            "type": "docx"

        },
        {

            "ref": "5-1-1",

            "name": "RequisitionForm",

            "type": "docx"

        },
        {

            "ref": "5-1-1",

            "name": "memoCessionAgreementEndorsement",

            "type": "docx"

        },
        {

            "ref": "5-1-1",

            "name": "checklist",

            "type": "docx"

        },
        {

            "ref": "5-1-1",

            "name": "specification_form",

            "type": "docx"

        }

    ],

    "5-1-3": [{

        "ref": "5-1-3",

        "name": "5-1-3 Compliance checklist for goode and services up to the value of R500 000 00",

        "type": "docx"

    }],

    "6-2-1": [{

        "ref": "6-2-1",

        "name": "6-2-1  allocation form",

        "type": "docx"

    }],

    "7-2-2": [{

            "ref": "7-2-2",

            "name": "7-2-2 TRANSPORT",

            "type": "docx"

        },
        {

            "ref": "7-2-2",

            "name": "weeklyTravelPlan",

            "type": "docx"

        },
        {

            "ref": "7-2-2",

            "name": "iternaryLogSheetOfOfficialTrips",

            "type": "docx"

        },
        {

            "ref": "7-2-2",

            "name": "schemeBClaimForm1",

            "type": "docx"

        },
        {

            "ref": "7-2-2",

            "name": "schemeBClaimForm2",

            "type": "docx"

        },
        {

            "ref": "7-2-2",

            "name": "summaryOfKillometersTravelled",

            "type": "docx"

        },
        {

            "ref": "7-2-2",

            "name": "transportClaimForms",

            "type": "docx"

        },
        {

            "ref": "7-2-2",

            "name": "TransportClaimTemplate",

            "type": "docx"

        },
        {

            "ref": "7-2-2",

            "name": "claimFormFuel",

            "type": "docx"

        },

        {

            "ref": "7-2-2",

            "name": "iternaryForMiddleManagementOfficials",

            "type": "docx"

        },

        {

            "ref": "7-2-2",

            "name": "evidenceForminstitutionSupportVisit",

            "type": "docx"

        }
    ],

    "7-7-7": [{

        "ref": "7-7-7",

        "name": "7-7-7 S & T form",

        "type": "xlsx"

    }],

    "8-6-11": [{

        "ref": "8-6-11",

        "name": "8-6-11  Acess Control Enrollment Form",

        "type": "docx"

    }],

    "8-9": [{

        "ref": "8-9",

        "name": "8-9  CLEARANCE FORM",

        "type": "docx"

    }],

    "8-9 ": [{

        "ref": "8-9 ",

        "name": "8-9  Clearance letter -Template",

        "type": "docx"

    }],

    "S3-1-2 ": [{

        "ref": "S3-1-2 ",

        "name": "S3-1-2  EVALUATION FORM  FOR ORAL PRESENTATION [SMS]",

        "type": "docx"

    }],

    "S4-2 ": [{

            "ref": "S4-2 ",

            "name": "S4-2  Leave Checklist",

            "type": "docx"

        },

        {

            "ref": "S4-2 ",

            "name": "S4-2 LEAVE ",

            "type": "docx"

        }

    ],

    "S4-2-1-2": [{

        "ref": "S4-2-1-2",

        "name": "leave",

        "type": "docx"

    }],

    "S4-2-1-1": [{

        "ref": "S4-2-1-1",

        "name": "leave",

        "type": "docx"

    }],

    "S4-2-2-2": [{

        "ref": "S4-2-2-2",

        "name": "S4-2-2-2  Application-Form-Temp.-Incapacity-Leave-LONG-PERIOD-annexure-b (1)",

        "type": "pdf"

    }],

    "S5-4-1": [{

        "ref": "S5-4-1",

        "name": "S5-4-1  DBE SKILLS DEVELOPMENT QUARTER  REPORTING TEMPLATE",

        "type": "xlsx"

    }],

    "S5-6 ": [{

        "ref": "S5-6 ",

        "name": "S5-6  TEMPLATE FOR SKILLS AND FORUM MEETING FOR INTERNS AND EXPERIENTIAL LEARNERS",

        "type": "docx"

    }],
    "S6-1-1-3": [{

        "ref": "S6-1-1-3",

        "name": "PerformanceAgreementForHOD",

        "type": "docx"

        }
    ],
    "S6-1-2-3": [{

        "ref": "S6-1-2-3",

        "name": "MidYearAssessmentForHOD",

        "type": "docx"

        },
        {

            "ref": "S6-1-3-3",
    
            "name": "HODPMDSCalculator",
    
            "type": "docx"
    
        },
        {
    
            "ref": "S6-1-1-1",
    
            "name": "DiscussionandMotivationForm",
    
            "type": "docx"
    
        }
    ],
    
    "S6-1-3-3": [{

        "ref": "S6-1-3-3",

        "name": "AnnualPerformanceAssessmentsHOD",

        "type": "docx"

    },
    {

        "ref": "S6-1-3-3",

        "name": "HODPMDSCalculator",

        "type": "docx"

    },
    {

        "ref": "S6-1-1-1",

        "name": "DiscussionandMotivationForm",

        "type": "docx"

    }

],

    "12-1-11-1 ": [{

            "ref": "12-1-11-1 ",

            "name": "12-1-11-1 GRADE R - 9 WORKBOOKS  DELIVERY  REPORTING TEMPLATE FOR VOLUME 2 (TERM 3 AND TERM 4)",

            "type": "docx"

        },

        {

            "ref": "12-1-11-1 ",

            "name": "12-1-11-1 GRADE R - 9 WORKBOOKS  DELIVERY REPORTING TEMPLATE FOR VOLUME 1 (TERM 1 AND TERM 2)",

            "type": "docx"

        },

        {

            "ref": "12-1-11-1 ",

            "name": "12-1-11-1 SCHOLASTIC STATIONERY AUDIT TEMPLATE",

            "type": "docx"

        },

        {

            "ref": "12-1-11-1 ",

            "name": "12-1-11-1 TEXTBOOKS SHORTAGES AND SURPLUSES AT SCHOOLS REPORTING TEMPLATE",

            "type": "docx"

        }

    ],

    "14- ": [{

            "ref": "12-1-11-1 ",

            "name": "12-1-11-1 GRADE R - 9 WORKBOOKS  DELIVERY  REPORTING TEMPLATE FOR VOLUME 2 (TERM 3 AND TERM 4)",

            "type": "docx"

        }



    ],

    "common": [{

            "ref": "common",

            "name": "letter"

        },

        {

            "ref": "common",

            "name": "circular"

        },

        {

            "ref": "common",

            "name": "memo"

        }

    ]

}